2,Agriculture and Farming,Agricultural Policy,0,,,,,,,,,Agricultural Policy (676 organizations) (4162 users) (260 resources) (7 jobs) (1074 events) (106 groups)
3,Agriculture and Farming,Agricultural Water Conservation and Management,0,,,,,,,,,Agricultural Water Conservation and Management (477 organizations) (2816 users) (272 resources) (3 jobs) (640 events) (91 groups)
4,Agriculture and Farming,Agroecology,0,,,,,,,,,Agroecology (434 organizations) (2635 users) (178 resources) (8 jobs) (443 events) (91 groups)
5,Agriculture and Farming,Biological Control,0,,,,,,,,,Biological Control (242 organizations) (1371 users) (62 resources) (4 jobs) (88 events) (42 groups)
6,Agriculture and Farming,Composting,0,,,,,,,,,Composting (470 organizations) (4405 users) (179 resources) (8 jobs) (579 events) (128 groups)
7,Agriculture and Farming,Farm Ecosystem Management,0,,,,,,,,,Farm Ecosystem Management (382 organizations) (2643 users) (163 resources) (7 jobs) (409 events) (103 groups)
8,Agriculture and Farming,Gardening,0,,,,,,,,,Gardening (1628 organizations) (6694 users) (362 resources) (14 jobs) (991 events) (174 groups)
9,Agriculture and Farming,Global Beef Industry,0,,,,,,,,,Global Beef Industry (54 organizations) (704 users) (55 resources) (2 jobs) (38 events) (26 groups)
10,Agriculture and Farming,Livestock in Developing Nations,0,,,,,,,,,Livestock in Developing Nations (108 organizations) (817 users) (47 resources) (1 jobs) (55 events) (24 groups)
11,Agriculture and Farming,Organic Farming,0,,,,,,,,,Organic Farming (1663 organizations) (8226 users) (399 resources) (21 jobs) (976 events) (209 groups)
12,Agriculture and Farming,Permaculture,0,,,,,,,,,Permaculture (854 organizations) (7654 users) (496 resources) (19 jobs) (1763 events) (336 groups)
13,Agriculture and Farming,Precision Farming,0,,,,,,,,,Precision Farming (64 organizations) (541 users) (22 resources) (1 jobs) (33 events) (20 groups)
14,Agriculture and Farming,Rural Farming Communities,0,,,,,,,,,Rural Farming Communities (1397 organizations) (3127 users) (199 resources) (9 jobs) (297 events) (110 groups)
15,Agriculture and Farming,Soil Conservation and Management,0,,,,,,,,,Soil Conservation and Management (758 organizations) (2512 users) (172 resources) (4 jobs) (380 events) (83 groups)
16,Agriculture and Farming,Sustainable Agriculture,0,,,,,,,,,Sustainable Agriculture (5049 organizations) (8334 users) (683 resources) (27 jobs) (1478 events) (307 groups)
17,Agriculture and Farming,Sustainable Livestock Husbandry,0,,,,,,,,,Sustainable Livestock Husbandry (281 organizations) (1418 users) (92 resources) (9 jobs) (198 events) (55 groups)
19,Air,Acid Rain,0,,,,,,,,,Acid Rain (61 organizations) (611 users) (52 resources) (2 jobs) (32 events) (21 groups)
20,Air,Air Quality and Pollution,0,,,,,,,,,Air Quality and Pollution (1622 organizations) (4285 users) (208 resources) (7 jobs) (291 events) (105 groups)
21,Air,Indoor Air Quality,0,,,,,,,,,Indoor Air Quality (128 organizations) (1400 users) (41 resources) (1 jobs) (60 events) (25 groups)
22,Air,Ozone Layer,0,,,,,,,,,Ozone Layer (91 organizations) (1372 users) (46 resources) (2 jobs) (53 events) (24 groups)
24,Animalia,Amphibians,0,,,,,,,,,Amphibians (150 organizations) (465 users) (18 resources) (1 jobs) (22 events) (16 groups)
25,Animalia,Animal and Plant Trafficking,0,,,,,,,,,Animal and Plant Trafficking (689 organizations) (792 users) (10 resources) (1 jobs) (15 events) (23 groups)
26,Animalia,Animal Welfare and Rights,0,,,,,,,,,Animal Welfare and Rights (2847 organizations) (3379 users) (84 resources) (6 jobs) (124 events) (55 groups)
27,Animalia,Artiodactyls,0,,,,,,,,,Artiodactyls (262 organizations) (115 users) (9 resources) (2 jobs) (11 events) (11 groups)
28,Animalia,Bats,0,,,,,,,,,Bats (128 organizations) (443 users) (16 resources) (2 jobs) (16 events) (14 groups)
29,Animalia,Birds,0,,,,,,,,,Birds (1917 organizations) (1406 users) (54 resources) (3 jobs) (87 events) (25 groups)
30,Animalia,Canids,0,,,,,,,,,Canids (131 organizations) (331 users) (10 resources) (1 jobs) (13 events) (11 groups)
31,Animalia,Cetaceans,0,,,,,,,,,Cetaceans (295 organizations) (484 users) (12 resources) (2 jobs) (20 events) (12 groups)
32,Animalia,Elephants,0,,,,,,,,,Elephants (62 organizations) (607 users) (7 resources) (1 jobs) (14 events) (14 groups)
33,Animalia,Endangered Animal Species Protection,0,,,,,,,,,Endangered Animal Species Protection (2190 organizations) (3394 users) (160 resources) (3 jobs) (224 events) (65 groups)
34,Animalia,Endemic Animal Species Protection,0,,,,,,,,,Endemic Animal Species Protection (1097 organizations) (919 users) (34 resources) (3 jobs) (44 events) (31 groups)
35,Animalia,Felids,0,,,,,,,,,Felids (148 organizations) (359 users) (7 resources) (1 jobs) (15 events) (11 groups)
36,Animalia,Fish,0,,,,,,,,,Fish (782 organizations) (1009 users) (101 resources) (2 jobs) (73 events) (27 groups)
37,Animalia,Insects,0,,,,,,,,,Insects (158 organizations) (505 users) (19 resources) (1 jobs) (35 events) (18 groups)
38,Animalia,Lagomorphs,0,,,,,,,,,Lagomorphs (23 organizations) (105 users) (3 resources) (1 jobs) (8 events) (10 groups)
39,Animalia,Lepidoptera,0,,,,,,,,,Lepidoptera (133 organizations) (162 users) (10 resources) (1 jobs) (15 events) (11 groups)
40,Animalia,Marsupials,0,,,,,,,,,Marsupials (63 organizations) (152 users) (11 resources) (1 jobs) (6 events) (10 groups)
41,Animalia,Mollusks and Crustaceans,0,,,,,,,,,Mollusks and Crustaceans (44 organizations) (229 users) (6 resources) (1 jobs) (7 events) (12 groups)
42,Animalia,Mustelids and Viverrids,0,,,,,,,,,Mustelids and Viverrids (70 organizations) (108 users) (2 resources) (2 jobs) (4 events) (8 groups)
43,Animalia,Perissodactyls,0,,,,,,,,,Perissodactyls (67 organizations) (95 users) (4 resources) (1 jobs) (4 events) (11 groups)
44,Animalia,Pinnipeds,0,,,,,,,,,Pinnipeds (63 organizations) (152 users) (6 resources) (1 jobs) (9 events) (8 groups)
45,Animalia,Primates,0,,,,,,,,,Primates (193 organizations) (432 users) (13 resources) (1 jobs) (11 events) (13 groups)
46,Animalia,Raptors,0,,,,,,,,,Raptors (299 organizations) (370 users) (7 resources) (1 jobs) (16 events) (10 groups)
47,Animalia,Reptiles,0,,,,,,,,,Reptiles (275 organizations) (396 users) (12 resources) (1 jobs) (25 events) (14 groups)
48,Animalia,Rodents,0,,,,,,,,,Rodents (52 organizations) (166 users) (7 resources) (1 jobs) (8 events) (10 groups)
49,Animalia,Sirenians,0,,,,,,,,,Sirenians (23 organizations) (116 users) (6 resources) (1 jobs) (7 events) (8 groups)
50,Animalia,Ursids,0,,,,,,,,,Ursids (74 organizations) (128 users) (15 resources) (1 jobs) (5 events) (8 groups)
51,Animalia,Wildlife Ecology,0,,,,,,,,,Wildlife Ecology (1921 organizations) (2901 users) (109 resources) (5 jobs) (192 events) (78 groups)
52,Animalia,Wildlife Habitat Conservation,0,,,,,,,,,Wildlife Habitat Conservation (7222 organizations) (4524 users) (259 resources) (10 jobs) (464 events) (118 groups)
53,Animalia,Wildlife Law and Policy,0,,,,,,,,,Wildlife Law and Policy (563 organizations) (1088 users) (53 resources) (2 jobs) (52 events) (29 groups)
54,Animalia,Wildlife Management,0,,,,,,,,,Wildlife Management (1063 organizations) (1324 users) (70 resources) (2 jobs) (95 events) (43 groups)
56,Arts,Art and Sculpture,1,,,,,,,,,Art and Sculpture (446 organizations) (3375 users) (85 resources) (4 jobs) (242 events) (72 groups)
57,Arts,Arts Activism,4,1232,,,,,4,,,Arts Activism (1232 organizations) (4302 users) (389 resources) (6 jobs) (842 events) (191 groups)
58,Arts,Arts Education,1,,,,,,,,,Arts Education (963 organizations) (3151 users) (215 resources) (7 jobs) (294 events) (105 groups)
59,Arts,Arts Therapy,4,254,,,,,,,,Arts Therapy (254 organizations) (2326 users) (152 resources) (1 jobs) (122 events) (67 groups)
60,Arts,Literature,1,,,,,,,,,Literature (246 organizations) (3485 users) (92 resources) (3 jobs) (135 events) (45 groups)
61,Arts,Performing Arts,1,,,,,,,,,Performing Arts (904 organizations) (3710 users) (122 resources) (2 jobs) (410 events) (98 groups)
63,Biodiversity,Biocultural Diversity,0,,,,,,,,,Biocultural Diversity (351 organizations) (3319 users) (201 resources) (6 jobs) (532 events) (164 groups)
64,Biodiversity,Biodiversity Conservation,0,,,,,,,,,Biodiversity Conservation (4564 organizations) (6080 users) (499 resources) (19 jobs) (919 events) (239 groups)
65,Biodiversity,Domesticated Animal Diversity,0,,,,,,,,,Domesticated Animal Diversity (112 organizations) (540 users) (32 resources) (1 jobs) (43 events) (26 groups)
66,Biodiversity,Domesticated Plant Conservation,0,,,,,,,,,Domesticated Plant Conservation (187 organizations) (692 users) (49 resources) (1 jobs) (76 events) (30 groups)
67,Biodiversity,Seed Conservation,0,,,,,,,,,Seed Conservation (466 organizations) (3208 users) (141 resources) (6 jobs) (410 events) (107 groups)
69,Business and Economics,Business Firm and Organization Sustainability,0,,,,,,,,,Business Firm and Organization Sustainability (822 organizations) (6367 users) (478 resources) (18 jobs) (660 events) (196 groups)
70,Business and Economics,Corporate Ethics,0,,,0,,,,,,Corporate Ethics (785 organizations) (4316 users) (322 resources) (10 jobs) (340 events) (136 groups)
71,Business and Economics,Ecological Economics,0,,,,,,,,,Ecological Economics (511 organizations) (4997 users) (392 resources) (8 jobs) (684 events) (183 groups)
72,Business and Economics,Ecosystem Services,0,,,,,,,,,Ecosystem Services (554 organizations) (2145 users) (177 resources) (5 jobs) (221 events) (80 groups)
73,Business and Economics,Ecotourism,0,,,,,,,,,Ecotourism (1782 organizations) (4299 users) (91 resources) (9 jobs) (172 events) (106 groups)
74,Business and Economics,Environmental Accounting,0,,,,,,,,,Environmental Accounting (213 organizations) (1630 users) (103 resources) (2 jobs) (146 events) (50 groups)
75,Business and Economics,Finance Policies and Institutions,0,,,,,,,,,Finance Policies and Institutions (1143 organizations) (1366 users) (145 resources) (1 jobs) (220 events) (63 groups)
76,Business and Economics,"Fiscal Policies, Institutions and Taxation",0,,,,,,,,,"Fiscal Policies, Institutions and Taxation (168 organizations) (977 users) (184 resources) (1 jobs) (98 events) (55 groups)"
77,Business and Economics,Green Banking and Insurance,0,,,,,,,,,Green Banking and Insurance (114 organizations) (1882 users) (62 resources) (1 jobs) (114 events) (63 groups)
78,Business and Economics,Microcredit,1,,,,,,,,,Microcredit (385 organizations) (2196 users) (89 resources) (3 jobs) (85 events) (66 groups)
79,Business and Economics,Microfinance,1,,,,,,,,,Microfinance (1776 organizations) (2386 users) (142 resources) (3 jobs) (118 events) (78 groups)
80,Business and Economics,Natural Capitalism,0,,,,,,,,,Natural Capitalism (587 organizations) (4032 users) (254 resources) (10 jobs) (315 events) (139 groups)
81,Business and Economics,Responsible Business Practices,0,,,,,,,,,Responsible Business Practices (1388 organizations) (5461 users) (523 resources) (14 jobs) (713 events) (198 groups)
82,Business and Economics,Socially Responsible Investment,0,,,,,,,,,Socially Responsible Investment (713 organizations) (4812 users) (263 resources) (6 jobs) (432 events) (148 groups)
84,Children and Youth,Child and Youth Protection,1,,,,,,,,,Child and Youth Protection (7444 organizations) (3946 users) (276 resources) (14 jobs) (133 events) (115 groups)
85,Children and Youth,Child Labor,1,,,,,,,,,Child Labor (1898 organizations) (1665 users) (33 resources) (4 jobs) (38 events) (39 groups)
86,Children and Youth,Children in Armed Conflict,4,753,,,,,,,,Children in Armed Conflict (753 organizations) (1157 users) (50 resources) (3 jobs) (24 events) (37 groups)
87,Children and Youth,Children's Health,1,,,,,,,,,Children's Health (4453 organizations) (2605 users) (558 resources) (8 jobs) (162 events) (98 groups)
88,Children and Youth,Juvenile Justice,1,,,,,,,,,Juvenile Justice (735 organizations) (868 users) (17 resources) (1 jobs) (17 events) (32 groups)
89,Children and Youth,Rights of the Child,1,,,,,,,,,Rights of the Child (6795 organizations) (2394 users) (432 resources) (11 jobs) (79 events) (81 groups)
90,Children and Youth,Youth Capacity Building,4,4493,,,,,,,,Youth Capacity Building (4494 organizations) (2452 users) (317 resources) (22 jobs) (491 events) (138 groups)
91,Children and Youth,Youth Education and Empowerment,1,,,,,,,,,Youth Education and Empowerment (9336 organizations) (7235 users) (1070 resources) (59 jobs) (786 events) (318 groups)
92,Children and Youth,Youth Leadership,3,2389,,,,,,,,Youth Leadership (2390 organizations) (3289 users) (116 resources) (38 jobs) (374 events) (151 groups)
93,Children and Youth,Youth Participation,4,3148,,,,,,,,Youth Participation (3149 organizations) (2447 users) (161 resources) (21 jobs) (512 events) (154 groups)
94,Children and Youth,Youth-led Organizations,1,,,,,,,,,Youth-led Organizations (1398 organizations) (2079 users) (47 resources) (23 jobs) (185 events) (108 groups)
96,"Civil Society Organizations: Nonprofits, Philanthropy, and Social Entrepreneurs",Communication Training,0,,,0,,,,,,Communication Training (1785 organizations) (3056 users) (280 resources) (16 jobs) (434 events) (119 groups)
97,"Civil Society Organizations: Nonprofits, Philanthropy, and Social Entrepreneurs",Nonprofit Law,0,,,,,,,,,Nonprofit Law (143 organizations) (1172 users) (153 resources) (1 jobs) (77 events) (56 groups)
98,"Civil Society Organizations: Nonprofits, Philanthropy, and Social Entrepreneurs",Organizational Funding,1,2828,Review,,,,,,,Organizational Funding (2828 organizations) (2361 users) (198 resources) (26 jobs) (218 events) (82 groups)
99,"Civil Society Organizations: Nonprofits, Philanthropy, and Social Entrepreneurs",Organizational Governance,1,,,1,,,,,,Organizational Governance (502 organizations) (1644 users) (218 resources) (22 jobs) (260 events) (90 groups)
100,"Civil Society Organizations: Nonprofits, Philanthropy, and Social Entrepreneurs",Organizational Support and Management,1,,,1,,,,,,Organizational Support and Management (5153 organizations) (2416 users) (354 resources) (41 jobs) (560 events) (138 groups)
101,"Civil Society Organizations: Nonprofits, Philanthropy, and Social Entrepreneurs",Philanthropy,1,2472,Review,,,,,,,Philanthropy (2472 organizations) (2276 users) (336 resources) (3 jobs) (383 events) (131 groups)
102,"Civil Society Organizations: Nonprofits, Philanthropy, and Social Entrepreneurs",Social Entrepreneurship,0,,,,,,,,,Social Entrepreneurship (1271 organizations) (7344 users) (502 resources) (22 jobs) (691 events) (275 groups)
103,"Civil Society Organizations: Nonprofits, Philanthropy, and Social Entrepreneurs",Training for Nonprofits,0,,,,,,,,,Training for Nonprofits (1770 organizations) (3407 users) (349 resources) (26 jobs) (641 events) (137 groups)
105,Coastal and Marine Ecosystems,Coastal and Marine Human Impacts,0,,,,,,,,,Coastal and Marine Human Impacts (238 organizations) (1538 users) (118 resources) (2 jobs) (143 events) (54 groups)
106,Coastal and Marine Ecosystems,Coastal and Marine Invasive Species,0,,,,,,,,,Coastal and Marine Invasive Species (71 organizations) (424 users) (45 resources) (1 jobs) (32 events) (14 groups)
107,Coastal and Marine Ecosystems,Coastal and Marine Law and Policy,0,,,,,,,,,Coastal and Marine Law and Policy (143 organizations) (565 users) (61 resources) (2 jobs) (56 events) (25 groups)
108,Coastal and Marine Ecosystems,Coastal and Marine Pollution,0,,,,,,,,,Coastal and Marine Pollution (667 organizations) (1078 users) (77 resources) (1 jobs) (99 events) (24 groups)
109,Coastal and Marine Ecosystems,Coastal Ecology,0,,,,,,,,,Coastal Ecology (661 organizations) (1363 users) (107 resources) (3 jobs) (131 events) (48 groups)
110,Coastal and Marine Ecosystems,Coral Reef Conservation,0,,,,,,,,,Coral Reef Conservation (226 organizations) (933 users) (71 resources) (7 jobs) (43 events) (22 groups)
111,Coastal and Marine Ecosystems,Mangrove Conservation,0,,,,,,,,,Mangrove Conservation (128 organizations) (583 users) (56 resources) (1 jobs) (37 events) (19 groups)
112,Coastal and Marine Ecosystems,Marine Ecology and Conservation,0,,,,,,,,,Marine Ecology and Conservation (1078 organizations) (1808 users) (126 resources) (7 jobs) (178 events) (61 groups)
114,Community Development,Community Enterprise,1,,,,,,,,,Community Enterprise (3603 organizations) (3194 users) (365 resources) (12 jobs) (554 events) (190 groups)
115,Community Development,Community Participation,1,,,,,,,,,Community Participation (14379 organizations) (5871 users) (984 resources) (35 jobs) (2923 events) (511 groups)
116,Community Development,Community Resources,1,,,,,,,,,Community Resources (10668 organizations) (2512 users) (853 resources) (9 jobs) (949 events) (246 groups)
117,Community Development,Community Service/Volunteerism,1,,,,1,,,,,Community Service/Volunteerism (7904 organizations) (3915 users) (203 resources) (33 jobs) (806 events) (216 groups)
118,Community Development,Community Training,1,,,,,,,,,Community Training (5477 organizations) (2660 users) (265 resources) (8 jobs) (635 events) (186 groups)
119,Community Development,"Dialogue, Deliberation and Consensus-Building",3,1164,,,,,,,,"Dialogue, Deliberation and Consensus-Building (1164 organizations) (2793 users) (421 resources) (3 jobs) (1150 events) (247 groups)"
120,Community Development,Fundraising,1,,Review,,,,,,,Fundraising (3448 organizations) (2480 users) (109 resources) (12 jobs) (283 events) (104 groups)
121,Community Development,Leadership Training,1,,,,,,,,,Leadership Training (2140 organizations) (3945 users) (257 resources) (6 jobs) (610 events) (185 groups)
123,Conservation,Conservation and Recreation,0,,,,,,,,,Conservation and Recreation (3116 organizations) (1790 users) (113 resources) (3 jobs) (271 events) (88 groups)
124,Conservation,Conservation and the Commons,0,,,,,,,,,Conservation and the Commons (249 organizations) (1187 users) (210 resources) (3 jobs) (241 events) (76 groups)
125,Conservation,Conservation Area Creation,0,,,,,,,,,Conservation Area Creation (1300 organizations) (693 users) (54 resources) (2 jobs) (48 events) (31 groups)
126,Conservation,Conservation Area Protection,0,,,,,,,,,Conservation Area Protection (3910 organizations) (1077 users) (96 resources) (5 jobs) (126 events) (45 groups)
127,Conservation,Conservation Biology,0,,,,,,,,,Conservation Biology (1480 organizations) (1185 users) (112 resources) (9 jobs) (117 events) (43 groups)
128,Conservation,Conservation Policy,0,,,,,,,,,Conservation Policy (1643 organizations) (942 users) (120 resources) (4 jobs) (136 events) (42 groups)
129,Conservation,Land Restoration,0,,,,,,,,,Land Restoration (1169 organizations) (1807 users) (164 resources) (4 jobs) (271 events) (79 groups)
130,Conservation,Land Stewardship,0,,,,,,,,,Land Stewardship (3073 organizations) (2106 users) (270 resources) (10 jobs) (381 events) (114 groups)
131,Conservation,Natural Heritage Conservation,0,,,,,,,,,Natural Heritage Conservation (6175 organizations) (1058 users) (92 resources) (3 jobs) (125 events) (57 groups)
132,Conservation,Natural Resource Conservation,0,,,,,,,,,Natural Resource Conservation (13368 organizations) (2475 users) (409 resources) (9 jobs) (387 events) (121 groups)
133,Conservation,Practical Conservation,0,,,,,,,,,Practical Conservation (2655 organizations) (1173 users) (220 resources) (9 jobs) (210 events) (58 groups)
134,Conservation,Wilderness,0,,,,,,,,,Wilderness (1126 organizations) (2549 users) (170 resources) (5 jobs) (131 events) (59 groups)
136,Cultural Heritage,Cultural Diversity,1,,,,,,1,,,Cultural Diversity (6125 organizations) (4116 users) (345 resources) (10 jobs) (787 events) (223 groups)
137,Cultural Heritage,Cultural Heritage Conservation,1,,,,,,,,,Cultural Heritage Conservation (3164 organizations) (1930 users) (154 resources) (5 jobs) (248 events) (102 groups)
138,Cultural Heritage,Culture and Sustainability,1,,,,,,,,,Culture and Sustainability (1384 organizations) (4299 users) (508 resources) (19 jobs) (1136 events) (281 groups)
139,Cultural Heritage,Language Revitalization,0,,,,,,,,,Language Revitalization (133 organizations) (922 users) (70 resources) (1 jobs) (66 events) (58 groups)
140,Cultural Heritage,Traditional Culture,1,,,,,,,,,Traditional Culture (1232 organizations) (2474 users) (258 resources) (4 jobs) (452 events) (106 groups)
142,Democracy and Voting,Democracy and Civil Society,0,,,,,,,,,Democracy and Civil Society (2035 organizations) (3318 users) (330 resources) (5 jobs) (390 events) (157 groups)
143,Democracy and Voting,Democracy Education,0,,,,,,,,,Democracy Education (2836 organizations) (1386 users) (178 resources) (1 jobs) (131 events) (82 groups)
144,Democracy and Voting,Democratic Participation,0,,,,,,,,,Democratic Participation (4625 organizations) (2100 users) (286 resources) (4 jobs) (353 events) (139 groups)
145,Democracy and Voting,Democratic Reform,0,,,,,,,,,Democratic Reform (3915 organizations) (1523 users) (118 resources) (2 jobs) (93 events) (75 groups)
146,Democracy and Voting,Fair Electoral Process,0,,,,,,,,,Fair Electoral Process (832 organizations) (1443 users) (45 resources) (1 jobs) (38 events) (42 groups)
148,Ecology,Evolutionary Ecology,0,,,,,,,,,Evolutionary Ecology (244 organizations) (1713 users) (116 resources) (5 jobs) (152 events) (91 groups)
149,Ecology,Fire Ecology,0,,,,,,,,,Fire Ecology (130 organizations) (464 users) (111 resources) (1 jobs) (62 events) (38 groups)
150,Ecology,Landscape Ecology,0,,,,,,,,,Landscape Ecology (528 organizations) (1299 users) (86 resources) (3 jobs) (151 events) (50 groups)
151,Ecology,Microbial Ecology,0,,,,,,,,,Microbial Ecology (63 organizations) (374 users) (20 resources) (2 jobs) (53 events) (11 groups)
152,Ecology,Molecular Ecology,0,,,,,,,,,Molecular Ecology (39 organizations) (262 users) (12 resources) (1 jobs) (14 events) (10 groups)
153,Ecology,Mycology,0,,,,,,,,,Mycology (102 organizations) (591 users) (26 resources) (1 jobs) (65 events) (20 groups)
154,Ecology,Pollination Ecology,0,,,,,,,,,Pollination Ecology (75 organizations) (455 users) (29 resources) (1 jobs) (69 events) (21 groups)
155,Ecology,Restoration Ecology,0,,,,,,,,,Restoration Ecology (872 organizations) (1648 users) (169 resources) (5 jobs) (269 events) (79 groups)
156,Ecology,Soil Ecology,0,,,,,,,,,Soil Ecology (242 organizations) (1074 users) (110 resources) (1 jobs) (405 events) (51 groups)
158,Education,Access To Education,1,,,,,,,,,Access To Education (6987 organizations) (3954 users) (250 resources) (25 jobs) (314 events) (147 groups)
159,Education,"Education, Government and Sustainability",0,,,,,,,,,"Education, Government and Sustainability (723 organizations) (3349 users) (514 resources) (16 jobs) (494 events) (171 groups)"
160,Education,Environmental Education,0,,,,,,,,,Environmental Education (14049 organizations) (5403 users) (723 resources) (29 jobs) (1835 events) (267 groups)
161,Education,Environmental Resource Center,0,,,,,,,,,Environmental Resource Center (1033 organizations) (1203 users) (84 resources) (4 jobs) (547 events) (58 groups)
162,Education,Green Schools,0,,,,,,,,,Green Schools (506 organizations) (3759 users) (129 resources) (13 jobs) (763 events) (119 groups)
163,Education,Literacy,0,,,,,,,,,Literacy (1650 organizations) (1816 users) (372 resources) (9 jobs) (66 events) (59 groups)
164,Education,Natural Resource Education,0,,,,,,,,,Natural Resource Education (4362 organizations) (1603 users) (177 resources) (6 jobs) (395 events) (102 groups)
165,Education,Public and Government Education,0,,,,,,,,,Public and Government Education (662 organizations) (1378 users) (172 resources) (6 jobs) (155 events) (63 groups)
166,Education,Sustainability Education,0,,,,,,,,,Sustainability Education (4102 organizations) (6664 users) (811 resources) (39 jobs) (2347 events) (410 groups)
168,Energy,Alternative Fuels,0,,,,,,,,,Alternative Fuels (653 organizations) (4547 users) (259 resources) (7 jobs) (467 events) (144 groups)
169,Energy,Electric Power,0,,,,,,,,,Electric Power (173 organizations) (1422 users) (135 resources) (4 jobs) (170 events) (54 groups)
170,Energy,Energy Efficiency and Conservation,0,,,,,,,,0,Energy Efficiency and Conservation (1718 organizations) (3730 users) (472 resources) (15 jobs) (990 events) (132 groups)
171,Energy,Energy Flow in Ecosystems,0,,,,,,,,,Energy Flow in Ecosystems (116 organizations) (1104 users) (56 resources) (2 jobs) (147 events) (49 groups)
172,Energy,Energy Policy,0,,,,,,,,0,Energy Policy (733 organizations) (1620 users) (211 resources) (4 jobs) (444 events) (61 groups)
173,Energy,Energy Security and Sustainability,0,,,,,,,,,Energy Security and Sustainability (421 organizations) (1780 users) (245 resources) (7 jobs) (422 events) (79 groups)
174,Energy,Nuclear Power,0,,,,,,,,,Nuclear Power (234 organizations) (685 users) (58 resources) (2 jobs) (86 events) (23 groups)
175,Energy,Renewable Energy,0,,,,,,,,,Renewable Energy (2002 organizations) (6910 users) (632 resources) (16 jobs) (1304 events) (226 groups)
176,Energy,Sustainable Energy Development,0,,,,,,,,,Sustainable Energy Development (1256 organizations) (7034 users) (580 resources) (24 jobs) (1191 events) (251 groups)
178,Fisheries,Aquaculture,0,,,,,,,,,Aquaculture (523 organizations) (844 users) (71 resources) (1 jobs) (114 events) (43 groups)
179,Fisheries,Aquarium Trade,0,,,,,,,,,Aquarium Trade (13 organizations) (156 users) (27 resources) (1 jobs) (16 events) (10 groups)
180,Fisheries,Sustainable Fishing,0,,,,,,,,,Sustainable Fishing (1026 organizations) (1259 users) (133 resources) (2 jobs) (106 events) (51 groups)
181,Fisheries,World Marine Fisheries,0,,,,,,,,,World Marine Fisheries (81 organizations) (474 users) (81 resources) (1 jobs) (60 events) (16 groups)
183,Food and Nourishment,Food Aid,1,,,,,,,,,Food Aid (574 organizations) (869 users) (45 resources) (4 jobs) (59 events) (33 groups)
184,Food and Nourishment,Food Literacy,0,,,,,,,,,Food Literacy (463 organizations) (1445 users) (178 resources) (6 jobs) (194 events) (84 groups)
185,Food and Nourishment,Food Supply,0,,,,,,,,,Food Supply (2280 organizations) (1095 users) (253 resources) (5 jobs) (347 events) (88 groups)
186,Food and Nourishment,Global Food Supply and Sustainability,1,,,,,,,,,Global Food Supply and Sustainability (579 organizations) (3980 users) (375 resources) (4 jobs) (498 events) (132 groups)
187,Food and Nourishment,Hunger and Food Security,0,,,,,,,,,Hunger and Food Security (2897 organizations) (2068 users) (214 resources) (13 jobs) (191 events) (77 groups)
188,Food and Nourishment,Local Food Systems,0,,,,,,,,,Local Food Systems (1415 organizations) (4585 users) (558 resources) (20 jobs) (1284 events) (259 groups)
189,Food and Nourishment,"Malnutrition, Diet, Disease, and Education",0,,,,,,,,,"Malnutrition, Diet, Disease, and Education (1393 organizations) (1874 users) (136 resources) (5 jobs) (126 events) (74 groups)"
191,Forestry,Agroforestry,0,,,,,,,,,Agroforestry (495 organizations) (1107 users) (128 resources) (6 jobs) (274 events) (63 groups)
192,Forestry,Certified Timber Harvesting,0,,,,,,,,,Certified Timber Harvesting (133 organizations) (415 users) (24 resources) (1 jobs) (29 events) (22 groups)
193,Forestry,Forestry Law and Policy,0,,,,,,,,,Forestry Law and Policy (456 organizations) (469 users) (53 resources) (2 jobs) (47 events) (22 groups)
194,Forestry,Global Wood Products Industry,0,,,,,,,,,Global Wood Products Industry (57 organizations) (355 users) (59 resources) (1 jobs) (21 events) (14 groups)
195,Forestry,Logging,0,,,,,,,,,Logging (348 organizations) (374 users) (50 resources) (1 jobs) (36 events) (16 groups)
196,Forestry,Plantations,0,,,,,,,,,Plantations (87 organizations) (398 users) (36 resources) (1 jobs) (29 events) (19 groups)
197,Forestry,Sustainable Forestry,0,,,,,,,0,,Sustainable Forestry (2134 organizations) (2446 users) (232 resources) (4 jobs) (241 events) (95 groups)
198,Forestry,Urban Forestry,0,,,,,,,,,Urban Forestry (301 organizations) (945 users) (31 resources) (8 jobs) (129 events) (32 groups)
200,Global Climate Change,Climate Change,0,,,,,,,,0,Climate Change (2452 organizations) (7861 users) (1323 resources) (18 jobs) (2734 events) (371 groups)
201,Global Climate Change,Emissions Trading,0,,,,,,,,,Emissions Trading (255 organizations) (1453 users) (96 resources) (1 jobs) (119 events) (36 groups)
202,Global Climate Change,Greenhouse Gases,0,,,,,,,,,Greenhouse Gases (498 organizations) (1711 users) (278 resources) (4 jobs) (350 events) (83 groups)
204,Globalization,Currency Exchange,0,,,,,,,,,Currency Exchange (79 organizations) (596 users) (55 resources) (1 jobs) (36 events) (25 groups)
205,Globalization,Fair Trade,1,,,,,,,,,Fair Trade (794 organizations) (3785 users) (152 resources) (3 jobs) (318 events) (129 groups)
206,Globalization,Globalization Impacts,1,,,,,,,,,Globalization Impacts (849 organizations) (3023 users) (438 resources) (18 jobs) (367 events) (109 groups)
207,Globalization,International Debt,1,,,,,,,,,International Debt (57 organizations) (794 users) (82 resources) (1 jobs) (30 events) (25 groups)
208,Globalization,Trade Balance,0,,,,,,,,,Trade Balance (47 organizations) (497 users) (69 resources) (1 jobs) (27 events) (29 groups)
209,Globalization,Transnational Corporations,0,,,,,,,,,Transnational Corporations (324 organizations) (1211 users) (137 resources) (3 jobs) (76 events) (38 groups)
210,Governance,Governance,1,,,,,,,,,Governance
211,Governance,Global Governance,2,316,,,,,,,,Global Governance (316 organizations) (1775 users) (342 resources) (2 jobs) (331 events) (115 groups)
212,Governance,Good Governance,1,,,1,,,,,,Good Governance (1387 organizations) (1759 users) (193 resources) (3 jobs) (249 events) (112 groups)
213,Governance,Government Oversight and Reform,1,,,1,,,,,,Government Oversight and Reform (762 organizations) (876 users) (456 resources) (1 jobs) (92 events) (58 groups)
214,Governance,Institutional Accountability,1,,,1,,,,,,Institutional Accountability (1340 organizations) (1255 users) (233 resources) (3 jobs) (165 events) (78 groups)
216,Greening of Industry,Consumption and Green Consumers,0,,,,,,,,,Consumption and Green Consumers (1004 organizations) (3308 users) (360 resources) (8 jobs) (529 events) (126 groups)
217,Greening of Industry,Ecolabeling and Certification,0,,,,,,,,,Ecolabeling and Certification (383 organizations) (1598 users) (89 resources) (5 jobs) (75 events) (46 groups)
218,Greening of Industry,Ecological Footprint,0,,,,,,,,,Ecological Footprint (439 organizations) (2892 users) (369 resources) (3 jobs) (515 events) (130 groups)
219,Greening of Industry,Environmental Monitoring,0,,,,,,,,,Environmental Monitoring (3047 organizations) (1256 users) (98 resources) (11 jobs) (169 events) (55 groups)
220,Greening of Industry,Industrial Ecology,0,,,,,,,,,Industrial Ecology (3550 organizations) (1075 users) (137 resources) (1 jobs) (111 events) (54 groups)
221,Greening of Industry,Life Cycle Assessment,0,,,,,,,,,Life Cycle Assessment (188 organizations) (1603 users) (126 resources) (1 jobs) (100 events) (46 groups)
222,Greening of Industry,Natural Resource Management,0,,,,,,,,,Natural Resource Management (886 organizations) (1757 users) (251 resources) (4 jobs) (334 events) (87 groups)
223,Greening of Industry,Recycling and Reuse,0,,,,,,,,,Recycling and Reuse (5189 organizations) (3922 users) (242 resources) (2 jobs) (535 events) (129 groups)
224,Greening of Industry,Sustainable Production,0,,,,,,,,,Sustainable Production (923 organizations) (3476 users) (393 resources) (4 jobs) (540 events) (157 groups)
226,Health,Alternative Medicine,0,,,,,,,,,Alternative Medicine (528 organizations) (5419 users) (182 resources) (6 jobs) (324 events) (146 groups)
227,Health,Asthma,0,,,,,,,,,Asthma (86 organizations) (454 users) (17 resources) (1 jobs) (18 events) (13 groups)
228,Health,Cancer,0,,,,,,,,,Cancer (138 organizations) (809 users) (84 resources) (1 jobs) (53 events) (29 groups)
229,Health,Ecological Change and Emerging Diseases,0,,,,,,,,,Ecological Change and Emerging Diseases (111 organizations) (854 users) (88 resources) (1 jobs) (83 events) (43 groups)
230,Health,Endocrine Disruptors,0,,,,,,,,,Endocrine Disruptors (43 organizations) (508 users) (48 resources) (1 jobs) (25 events) (19 groups)
231,Health,Environmental Health,0,,,,,,,,,Environmental Health (2763 organizations) (2043 users) (482 resources) (5 jobs) (319 events) (85 groups)
232,Health,Environmental Toxicology,0,,,,,,,,,Environmental Toxicology (150 organizations) (752 users) (107 resources) (2 jobs) (155 events) (38 groups)
233,Health,Green Hospital Movement,0,,,,,,,,,Green Hospital Movement (71 organizations) (890 users) (34 resources) (1 jobs) (40 events) (26 groups)
234,Health,Health Care Access,0,,,,,,,,,Health Care Access (6334 organizations) (1601 users) (138 resources) (6 jobs) (83 events) (60 groups)
235,Health,Health Education,0,,,,,,,,,Health Education (3534 organizations) (1803 users) (348 resources) (7 jobs) (181 events) (93 groups)
236,Health,HIV/AIDS,0,,,,,,,,,HIV/AIDS (4192 organizations) (1425 users) (94 resources) (6 jobs) (88 events) (57 groups)
237,Health,Infectious Diseases,0,,,,,,,,,Infectious Diseases (531 organizations) (568 users) (78 resources) (1 jobs) (44 events) (22 groups)
238,Health,Malaria,0,,,,,,,,,Malaria (153 organizations) (404 users) (37 resources) (2 jobs) (28 events) (18 groups)
239,Health,Medical Biotechnology,0,,,,,,,,,Medical Biotechnology (75 organizations) (407 users) (34 resources) (1 jobs) (23 events) (18 groups)
240,Health,Pesticides,0,,,,,,,,,Pesticides (427 organizations) (566 users) (58 resources) (1 jobs) (70 events) (31 groups)
241,Health,Public Health,0,,,,0,,,,,Public Health (5101 organizations) (1887 users) (884 resources) (7 jobs) (227 events) (87 groups)
242,Health,Sanitation,0,,,,,,,,,Sanitation (1332 organizations) (578 users) (79 resources) (6 jobs) (62 events) (31 groups)
243,Health,Tuberculosis,0,,,,,,,,,Tuberculosis (312 organizations) (266 users) (23 resources) (1 jobs) (18 events) (15 groups)
245,Human Rights and Social Justice,Climate Justice,1,,,,,,,,,Climate Justice (370 organizations) (1600 users) (217 resources) (13 jobs) (363 events) (106 groups)
246,Human Rights and Social Justice,Disability Equality,1,,,,,,,,,Disability Equality (3223 organizations) (820 users) (77 resources) (4 jobs) (46 events) (28 groups)
247,Human Rights and Social Justice,Distributive and Economic Justice,2,3604,,,,,,,,Distributive and Economic Justice (3604 organizations) (1406 users) (229 resources) (2 jobs) (173 events) (71 groups)
248,Human Rights and Social Justice,Environmental Justice,1,,,,,,,,1,Environmental Justice (3063 organizations) (2610 users) (583 resources) (7 jobs) (637 events) (151 groups)
249,Human Rights and Social Justice,Ethnic Equality,2,5888,,,,,,,,Ethnic Equality (5889 organizations) (1264 users) (206 resources) (2 jobs) (163 events) (84 groups)
250,Human Rights and Social Justice,Human Rights and Civil Liberties,1,,,,1,,,,,Human Rights and Civil Liberties (11755 organizations) (3130 users) (470 resources) (12 jobs) (440 events) (167 groups)
251,Human Rights and Social Justice,Human Rights and Natural Law,1,,,,,,,,,Human Rights and Natural Law (633 organizations) (1140 users) (115 resources) (2 jobs) (440 events) (63 groups)
252,Human Rights and Social Justice,Human Rights Education,1,,,,,,,,,Human Rights Education (5350 organizations) (1519 users) (207 resources) (3 jobs) (247 events) (87 groups)
253,Human Rights and Social Justice,Human Rights Monitoring,2,3470,,,,,,,,Human Rights Monitoring (3470 organizations) (755 users) (98 resources) (2 jobs) (128 events) (55 groups)
254,Human Rights and Social Justice,Human Rights Protection,1,,,,,1,,,,Human Rights Protection (10272 organizations) (1643 users) (147 resources) (10 jobs) (225 events) (91 groups)
255,Human Rights and Social Justice,Human Trafficking and Slavery,1,,,,,,,,,Human Trafficking and Slavery (1128 organizations) (1117 users) (41 resources) (1 jobs) (40 events) (29 groups)
256,Human Rights and Social Justice,Rights and Equality of LGBT,0,,,,,,,,,Rights and Equality of LGBT (2200 organizations) (1020 users) (85 resources) (2 jobs) (41 events) (28 groups)
257,Human Rights and Social Justice,Social Justice Education,1,,,,,1,,,,Social Justice Education (11362 organizations) (2342 users) (360 resources) (7 jobs) (594 events) (147 groups)
259,Indigenous Peoples and Rights,Indigenous Lands,1,,,,,,,,,Indigenous Lands (431 organizations) (1480 users) (205 resources) (2 jobs) (146 events) (68 groups)
260,Indigenous Peoples and Rights,Indigenous Peoples and Cultures,1,,,,1,,,,,Indigenous Peoples and Cultures (2170 organizations) (4220 users) (405 resources) (3 jobs) (585 events) (178 groups)
261,Indigenous Peoples and Rights,Indigenous Rights,1,,,,1,,,,,Indigenous Rights (1956 organizations) (2279 users) (227 resources) (4 jobs) (238 events) (107 groups)
263,Inland Water Ecosystems,Inland Aquatic Ecosystems,0,,,,,,,,,Inland Aquatic Ecosystems (722 organizations) (701 users) (109 resources) (2 jobs) (86 events) (35 groups)
264,Inland Water Ecosystems,Lakes and Ponds,0,,,,,,,,,Lakes and Ponds (139 organizations) (586 users) (84 resources) (3 jobs) (93 events) (32 groups)
265,Inland Water Ecosystems,Riparian Ecology and Conservation,0,,,,,,,,,Riparian Ecology and Conservation (2001 organizations) (779 users) (106 resources) (1 jobs) (268 events) (34 groups)
266,Inland Water Ecosystems,River-Lake Ecology and Biodiversity,0,,,,,,,,,River-Lake Ecology and Biodiversity (275 organizations) (727 users) (106 resources) (1 jobs) (79 events) (31 groups)
267,Inland Water Ecosystems,Rivers and Creeks,0,,,,,,,,,Rivers and Creeks (204 organizations) (906 users) (107 resources) (3 jobs) (129 events) (36 groups)
268,Inland Water Ecosystems,Wetlands,0,,,,,,,,,Wetlands (1060 organizations) (1066 users) (113 resources) (1 jobs) (150 events) (41 groups)
270,"Law, Policy and Property Rights",Biological Patents,0,,,,,,,,,Biological Patents (59 organizations) (423 users) (68 resources) (1 jobs) (41 events) (22 groups)
271,"Law, Policy and Property Rights",Conservation Easements,0,,,,,,,,,Conservation Easements (1128 organizations) (431 users) (23 resources) (4 jobs) (25 events) (21 groups)
272,"Law, Policy and Property Rights",Crime and Policing,0,,,,,,,,,Crime and Policing (742 organizations) (392 users) (183 resources) (3 jobs) (13 events) (21 groups)
273,"Law, Policy and Property Rights",Environmental Law and Policy,0,,,,,,,,,Environmental Law and Policy (3097 organizations) (1581 users) (457 resources) (8 jobs) (260 events) (75 groups)
274,"Law, Policy and Property Rights",International Humanitarian Law and War Crimes,3,776,,,,,,,,International Humanitarian Law and War Crimes (776 organizations) (726 users) (122 resources) (5 jobs) (280 events) (34 groups)
275,"Law, Policy and Property Rights",Land Reform,1,,,,,,,,,Land Reform (122 organizations) (501 users) (47 resources) (1 jobs) (41 events) (28 groups)
276,"Law, Policy and Property Rights",Land Tenure,0,,,,,,,,,Land Tenure (51 organizations) (338 users) (42 resources) (1 jobs) (34 events) (22 groups)
277,"Law, Policy and Property Rights",Land Trusts and Land Conservation,0,,,,,,,,,Land Trusts and Land Conservation (1537 organizations) (780 users) (45 resources) (3 jobs) (90 events) (49 groups)
278,"Law, Policy and Property Rights",Land Use Policy,0,,,,,,,,,Land Use Policy (898 organizations) (754 users) (103 resources) (1 jobs) (112 events) (53 groups)
279,"Law, Policy and Property Rights",Law and Policy Reform,0,,,,,,,,,Law and Policy Reform (4186 organizations) (535 users) (104 resources) (5 jobs) (108 events) (47 groups)
280,"Law, Policy and Property Rights",Legal Services and Representation,0,,,,,,,,,Legal Services and Representation (3133 organizations) (356 users) (26 resources) (4 jobs) (30 events) (23 groups)
281,"Law, Policy and Property Rights",Precautionary Principle,1,,,,,,,,,Precautionary Principle (133 organizations) (503 users) (116 resources) (2 jobs) (48 events) (30 groups)
282,"Law, Policy and Property Rights",Prison Reform and Policy,1,,,,,,,,,Prison Reform and Policy (560 organizations) (533 users) (121 resources) (2 jobs) (18 events) (21 groups)
283,"Law, Policy and Property Rights",Property Rights,0,,,,,,,,,Property Rights (96 organizations) (513 users) (64 resources) (2 jobs) (41 events) (29 groups)
284,"Law, Policy and Property Rights",Restorative Justice,2,108,,,,,,,,Restorative Justice (108 organizations) (654 users) (45 resources) (2 jobs) (92 events) (45 groups)
286,Media,Advertising,0,,,,,,,,,Advertising (146 organizations) (1681 users) (88 resources) (7 jobs) (87 events) (60 groups)
287,Media,Film,4,408,,,,,,,,Film (408 organizations) (2403 users) (191 resources) (2 jobs) (302 events) (109 groups)
288,Media,Internet,1,,,,,,,,,Internet (1456 organizations) (4175 users) (482 resources) (19 jobs) (441 events) (185 groups)
289,Media,Journalism and the Press,2,1008,,2,,,,,,Journalism and the Press (1008 organizations) (2223 users) (186 resources) (12 jobs) (172 events) (91 groups)
290,Media,Media and Communication,2,2399,,,,,,,,Media and Communication (2399 organizations) (4432 users) (721 resources) (25 jobs) (728 events) (239 groups)
291,Media,Photography,0,,,,,,,0,,Photography (238 organizations) (2737 users) (64 resources) (5 jobs) (110 events) (70 groups)
292,Media,Publishing,0,,,,,,,,,Publishing (1586 organizations) (1419 users) (103 resources) (2 jobs) (91 events) (68 groups)
293,Media,Radio and Audio,0,,,,,,,,,Radio and Audio (451 organizations) (1213 users) (68 resources) (1 jobs) (102 events) (65 groups)
294,Media,Television,0,,,,,,,,,Television (302 organizations) (1107 users) (59 resources) (1 jobs) (71 events) (68 groups)
295,Media,Video,4,430,,,,,,,,Video (430 organizations) (1669 users) (158 resources) (4 jobs) (179 events) (116 groups)
297,Men,Male Circumcision,0,,,,,,,,,Male Circumcision (19 organizations) (225 users) (4 resources) (1 jobs) (6 events) (9 groups)
298,Men,Men and Violence,0,,,,,,,,,Men and Violence (97 organizations) (466 users) (18 resources) (1 jobs) (32 events) (21 groups)
299,Men,Men's Health,0,,,,,,,,,Men's Health (184 organizations) (748 users) (74 resources) (2 jobs) (81 events) (38 groups)
301,Mining,Fossil Fuels,0,,,,,,,,,Fossil Fuels (162 organizations) (559 users) (101 resources) (2 jobs) (230 events) (28 groups)
302,Mining,Minerals Law and Policy,0,,,,,,,,,Minerals Law and Policy (65 organizations) (313 users) (28 resources) (1 jobs) (9 events) (15 groups)
303,Mining,Mining and Refining Ores,0,,,,,,,,,Mining and Refining Ores (180 organizations) (244 users) (40 resources) (1 jobs) (19 events) (15 groups)
304,Mining,Mountaintop Removal,0,,,,,,,,,Mountaintop Removal (58 organizations) (458 users) (19 resources) (1 jobs) (15 events) (16 groups)
305,Mining,Sustainable Minerals Industry,0,,,,,,,,,Sustainable Minerals Industry (75 organizations) (711 users) (36 resources) (1 jobs) (28 events) (30 groups)
307,"Peace, War and Security",Arms Trading,1,,,,,,,,,Arms Trading (254 organizations) (462 users) (21 resources) (2 jobs) (41 events) (13 groups)
308,"Peace, War and Security",Conflict Resolution,3,4139,,,3,,3,,,Conflict Resolution (4139 organizations) (2515 users) (275 resources) (5 jobs) (684 events) (150 groups)
309,"Peace, War and Security",Land and Naval Mines,1,,,,,,,,,Land and Naval Mines (150 organizations) (191 users) (8 resources) (1 jobs) (26 events) (10 groups)
310,"Peace, War and Security",Militarism and Violence,1,,,,,,1,,,Militarism and Violence (1322 organizations) (668 users) (149 resources) (1 jobs) (390 events) (43 groups)
311,"Peace, War and Security",Military Disarmament,1,,,,,,,,,Military Disarmament (2072 organizations) (587 users) (64 resources) (1 jobs) (367 events) (27 groups)
312,"Peace, War and Security",Nuclear Disarmament,1,,,,,,,,,Nuclear Disarmament (314 organizations) (730 users) (42 resources) (1 jobs) (374 events) (26 groups)
313,"Peace, War and Security",Peace and Peace Building,2,10086,,,,2,2,,,Peace and Peace Building (10086 organizations) (4782 users) (425 resources) (11 jobs) (1330 events) (268 groups)
314,"Peace, War and Security","Protected Areas, Individuals, Objects and Property",1,,,,,,,,,"Protected Areas, Individuals, Objects and Property (142 organizations) (478 users) (33 resources) (1 jobs) (73 events) (26 groups)"
315,"Peace, War and Security",Weapons,1,,,,,,,,,Weapons (229 organizations) (303 users) (31 resources) (1 jobs) (85 events) (15 groups)
317,Plants,Endangered Plant Species Protection,0,,,,,,,,,Endangered Plant Species Protection (1253 organizations) (1185 users) (107 resources) (2 jobs) (97 events) (52 groups)
318,Plants,Endemic Plant Species Protection,0,,,,,,,,,Endemic Plant Species Protection (1400 organizations) (617 users) (88 resources) (2 jobs) (75 events) (30 groups)
319,Plants,Ethnobotany,0,,,,,,,,,Ethnobotany (202 organizations) (1435 users) (82 resources) (4 jobs) (99 events) (41 groups)
320,Plants,Plant Ecology,0,,,,,,,,,Plant Ecology (1050 organizations) (1197 users) (96 resources) (1 jobs) (256 events) (44 groups)
322,Pollution,Chemical Pollution,0,,,,,,,,,Chemical Pollution (173 organizations) (888 users) (86 resources) (1 jobs) (67 events) (30 groups)
323,Pollution,Energy Pollution,0,,,,,,,,,Energy Pollution (176 organizations) (874 users) (88 resources) (1 jobs) (161 events) (43 groups)
324,Pollution,Global Pollution,0,,,,,,,,,Global Pollution (244 organizations) (1528 users) (206 resources) (1 jobs) (172 events) (55 groups)
325,Pollution,Hazardous Solid Waste,0,,,,,,,,,Hazardous Solid Waste (143 organizations) (632 users) (44 resources) (1 jobs) (72 events) (27 groups)
326,Pollution,Light and Noise Pollution,0,,,,,,,,,Light and Noise Pollution (137 organizations) (622 users) (17 resources) (1 jobs) (33 events) (17 groups)
327,Pollution,Petroleum in the Environment,0,,,,,,,,,Petroleum in the Environment (158 organizations) (615 users) (53 resources) (1 jobs) (73 events) (34 groups)
328,Pollution,Pollution Prevention and Reduction,0,,,,,,,,,Pollution Prevention and Reduction (1591 organizations) (1517 users) (185 resources) (6 jobs) (284 events) (62 groups)
329,Pollution,Pollution Remediation,0,,,,,,,,0,Pollution Remediation (353 organizations) (688 users) (88 resources) (1 jobs) (81 events) (29 groups)
330,Pollution,Toxic and Hazardous Substances,0,,,,,,,,,Toxic and Hazardous Substances (861 organizations) (855 users) (200 resources) (2 jobs) (145 events) (35 groups)
331,Pollution,Water Pollution,0,,,,,,,,,Water Pollution (519 organizations) (1728 users) (206 resources) (5 jobs) (174 events) (56 groups)
333,Population,Demographics,1,,,,,,,,,Demographics (149 organizations) (783 users) (70 resources) (2 jobs) (43 events) (30 groups)
334,Population,Family Planning,0,,,,,,,,,Family Planning (1111 organizations) (835 users) (52 resources) (1 jobs) (37 events) (23 groups)
335,Population,Global Migration,1,,,,,,,,,Global Migration (1159 organizations) (803 users) (101 resources) (2 jobs) (59 events) (37 groups)
336,Population,Human Population Growth and Impacts,1,,,,,,,1,,Human Population Growth and Impacts (729 organizations) (2025 users) (178 resources) (3 jobs) (155 events) (63 groups)
337,Population,"Refugees, Internally Displaced Persons, and Migrants",4,2669,,,,,,,,"Refugees, Internally Displaced Persons, and Migrants (2669 organizations) (1146 users) (100 resources) (1 jobs) (93 events) (48 groups)"
339,Poverty Eradication,Affordable Housing,0,,,,,,,,,Affordable Housing (4552 organizations) (1938 users) (380 resources) (4 jobs) (122 events) (58 groups)
340,Poverty Eradication,Crises and Disaster Aid,0,,,,,,,,,Crises and Disaster Aid (1264 organizations) (832 users) (78 resources) (1 jobs) (60 events) (36 groups)
341,Poverty Eradication,Poverty Alleviation,1,,,,,,,,1,Poverty Alleviation (13748 organizations) (2640 users) (381 resources) (4 jobs) (254 events) (128 groups)
342,Poverty Eradication,Squatter Communities,0,,,,,,,,,Squatter Communities (162 organizations) (646 users) (31 resources) (1 jobs) (25 events) (30 groups)
343,Poverty Eradication,Sustainable Livelihoods,0,,,,,,,,,Sustainable Livelihoods (4263 organizations) (3638 users) (380 resources) (16 jobs) (583 events) (179 groups)
345,"Religion, Ecology, and Sustainability",Ecopsychology,1,,,,,,1,,,Ecopsychology (285 organizations) (1886 users) (248 resources) (4 jobs) (279 events) (77 groups)
346,"Religion, Ecology, and Sustainability",Environmental Ethics,0,,,,,,,,,Environmental Ethics (1305 organizations) (2170 users) (233 resources) (10 jobs) (311 events) (100 groups)
347,"Religion, Ecology, and Sustainability",Religion and Ecology,0,,,,,,,,,Religion and Ecology (212 organizations) (1620 users) (93 resources) (3 jobs) (131 events) (55 groups)
348,"Religion, Ecology, and Sustainability","Sustainability, Religious and Spiritual Issues",0,,,,,,,,,"Sustainability, Religious and Spiritual Issues (1590 organizations) (4098 users) (505 resources) (5 jobs) (809 events) (191 groups)"
349,"Religion, Ecology, and Sustainability",Sustainable Living,0,,,,,,,,,Sustainable Living (7278 organizations) (5122 users) (760 resources) (14 jobs) (1439 events) (296 groups)
351,Seniors,Senior Volunteerism and Mentoring,0,,,,,,,,,Senior Volunteerism and Mentoring (605 organizations) (828 users) (33 resources) (3 jobs) (61 events) (43 groups)
352,Seniors,Seniors' Health,0,,,,,,,,,Seniors' Health (535 organizations) (579 users) (99 resources) (4 jobs) (40 events) (24 groups)
353,Seniors,Seniors' Rights and Participation,0,,,,,,,,,Seniors' Rights and Participation (709 organizations) (592 users) (25 resources) (5 jobs) (25 events) (31 groups)
355,Sustainable Cities,EcoVillages,0,,,,,,,,,EcoVillages (531 organizations) (4675 users) (218 resources) (6 jobs) (508 events) (176 groups)
356,Sustainable Cities,Infrastructure,0,,,,,,,,,Infrastructure (1201 organizations) (1235 users) (126 resources) (2 jobs) (225 events) (64 groups)
357,Sustainable Cities,Sustainable Communities,0,,,,,,,,,Sustainable Communities (12678 organizations) (6209 users) (1020 resources) (22 jobs) (1951 events) (412 groups)
358,Sustainable Cities,Sustainable Transportation,0,,,,,,,,,Sustainable Transportation (1281 organizations) (2181 users) (203 resources) (2 jobs) (556 events) (122 groups)
359,Sustainable Cities,Sustainable Urban and Regional Planning,0,,,,,,,,,Sustainable Urban and Regional Planning (1575 organizations) (2669 users) (303 resources) (3 jobs) (561 events) (138 groups)
360,Sustainable Cities,Sustainable Urban Environmental Services,0,,,,,,,,,Sustainable Urban Environmental Services (350 organizations) (1272 users) (131 resources) (5 jobs) (238 events) (52 groups)
361,Sustainable Cities,Sustainable Urban Power,0,,,,,,,,,Sustainable Urban Power (186 organizations) (1256 users) (104 resources) (2 jobs) (233 events) (60 groups)
362,Sustainable Cities,Transition Towns,0,,,,,,,,,Transition Towns (35 organizations) (426 users) (50 resources) (4 jobs) (455 events) (87 groups)
363,Sustainable Cities,Urban Communications,0,,,,,,,,,Urban Communications (142 organizations) (776 users) (50 resources) (3 jobs) (89 events) (45 groups)
364,Sustainable Cities,Urban Ecology,0,,,,,,,,,Urban Ecology (501 organizations) (2273 users) (193 resources) (9 jobs) (819 events) (109 groups)
365,Sustainable Cities,Urban Revitalization,0,,,,,,,,,Urban Revitalization (526 organizations) (1502 users) (131 resources) (3 jobs) (337 events) (96 groups)
366,Sustainable Cities,Waste Management,0,,,,,,,,,Waste Management (2140 organizations) (1828 users) (123 resources) (5 jobs) (311 events) (89 groups)
368,Sustainable Design,Biomimicry,0,,,,,,,,,Biomimicry (169 organizations) (2345 users) (96 resources) (2 jobs) (194 events) (78 groups)
369,Sustainable Design,Green Roofs,0,,,,,,,,,Green Roofs (263 organizations) (2043 users) (69 resources) (1 jobs) (364 events) (60 groups)
370,Sustainable Design,Sustainable Building,0,,,,,,,,,Sustainable Building (1102 organizations) (4565 users) (393 resources) (11 jobs) (1047 events) (169 groups)
371,Sustainable Design,Sustainable Materials,0,,,,,,,,,Sustainable Materials (561 organizations) (2850 users) (220 resources) (3 jobs) (513 events) (103 groups)
373,Sustainable Development,Biological Development,0,,,,,,,,,Biological Development (140 organizations) (837 users) (42 resources) (2 jobs) (69 events) (34 groups)
374,Sustainable Development,Economic Development,0,,,,,,,,,Economic Development (8708 organizations) (2517 users) (650 resources) (6 jobs) (462 events) (149 groups)
375,Sustainable Development,Rural Development,0,,,,,,,,,Rural Development (5064 organizations) (2090 users) (174 resources) (12 jobs) (224 events) (103 groups)
376,Sustainable Development,Social Development,1,,,,,1,,,,Social Development (16202 organizations) (3062 users) (480 resources) (11 jobs) (492 events) (194 groups)
378,Systems Thinking,Whole Systems Change,0,,,,,,,,,Whole Systems Change (55 organizations) (753 users) (48 resources) (2 jobs) (139 events) (26 groups)
380,Technology,Appropriate Technology,0,,,,,,,,,Appropriate Technology (1002 organizations) (2246 users) (242 resources) (21 jobs) (458 events) (109 groups)
381,Technology,Biotechnology,0,,,,,,,,,Biotechnology (280 organizations) (929 users) (97 resources) (1 jobs) (79 events) (31 groups)
382,Technology,Information and Communication Technology,0,,,,,,,,,Information and Communication Technology (1290 organizations) (3168 users) (447 resources) (23 jobs) (494 events) (165 groups)
383,Technology,Sustainability and Technology,0,,,,,,,,,Sustainability and Technology (689 organizations) (3492 users) (332 resources) (12 jobs) (622 events) (160 groups)
384,Technology,Technology Transfer,0,,,,,,,,,Technology Transfer (176 organizations) (1088 users) (98 resources) (1 jobs) (122 events) (45 groups)
386,Terrestrial Ecosystems,Deserts and Semi-deserts,0,,,,,,,,,Deserts and Semi-deserts (314 organizations) (588 users) (20 resources) (2 jobs) (28 events) (28 groups)
387,Terrestrial Ecosystems,Forest Ecology and Conservation,0,,,,,,,0,,Forest Ecology and Conservation (1647 organizations) (1495 users) (112 resources) (7 jobs) (123 events) (67 groups)
388,Terrestrial Ecosystems,Grasslands and Savannas,0,,,,,,,,,Grasslands and Savannas (310 organizations) (415 users) (26 resources) (1 jobs) (30 events) (26 groups)
389,Terrestrial Ecosystems,Shrublands,0,,,,,,,,,Shrublands (36 organizations) (268 users) (14 resources) (1 jobs) (19 events) (19 groups)
390,Terrestrial Ecosystems,Sparse Trees and Parklands,0,,,,,,,,,Sparse Trees and Parklands (46 organizations) (275 users) (14 resources) (1 jobs) (20 events) (13 groups)
391,Terrestrial Ecosystems,Temperate and Boreal Needleleaf Forests,0,,,,,,,,,Temperate and Boreal Needleleaf Forests (60 organizations) (343 users) (18 resources) (1 jobs) (19 events) (17 groups)
392,Terrestrial Ecosystems,Temperate Broadleaf and Mixed Forests,0,,,,,,,,,Temperate Broadleaf and Mixed Forests (68 organizations) (398 users) (19 resources) (1 jobs) (34 events) (20 groups)
393,Terrestrial Ecosystems,Tropical Dry Forests,0,,,,,,,,,Tropical Dry Forests (70 organizations) (341 users) (18 resources) (1 jobs) (17 events) (21 groups)
394,Terrestrial Ecosystems,Tropical Moist Forests,0,,,,,,,,,Tropical Moist Forests (358 organizations) (564 users) (54 resources) (6 jobs) (32 events) (23 groups)
395,Terrestrial Ecosystems,Tundra,0,,,,,,,,,Tundra (47 organizations) (253 users) (18 resources) (1 jobs) (5 events) (12 groups)
397,Water,Dams,1,,,,,,,,,Dams (396 organizations) (553 users) (110 resources) (3 jobs) (58 events) (26 groups)
398,Water,Groundwater,1,,,,,,,,,Groundwater (257 organizations) (934 users) (133 resources) (3 jobs) (126 events) (46 groups)
399,Water,Hydrology and the Global Water Cycle,1,,,,,,,,,Hydrology and the Global Water Cycle (296 organizations) (854 users) (144 resources) (3 jobs) (108 events) (39 groups)
400,Water,Water and Energy,1,,,,,,,,,Water and Energy (273 organizations) (1419 users) (245 resources) (5 jobs) (271 events) (57 groups)
401,Water,Water and Sustainable Development,1,,,,,,,,,Water and Sustainable Development (925 organizations) (2751 users) (403 resources) (24 jobs) (716 events) (121 groups)
402,Water,Water Law and Policy,1,,,,,,,,,Water Law and Policy (718 organizations) (794 users) (289 resources) (3 jobs) (336 events) (38 groups)
403,Water,Water Quality and Health,1,,,,,,,,,Water Quality and Health (2731 organizations) (1569 users) (259 resources) (17 jobs) (459 events) (73 groups)
404,Water,Water Rights,2,510,,,,,,,,Water Rights (510 organizations) (1152 users) (214 resources) (3 jobs) (141 events) (47 groups)
405,Water,Water Supply and Conservation,1,,,,,,,,,Water Supply and Conservation (2492 organizations) (2099 users) (348 resources) (7 jobs) (604 events) (86 groups)
406,Water,Watershed Management,1,,,,,,,,,Watershed Management (3209 organizations) (1585 users) (216 resources) (8 jobs) (503 events) (74 groups)
408,Women,Female Genital Cutting,0,,,,,,,,,Female Genital Cutting (165 organizations) (497 users) (9 resources) (1 jobs) (7 events) (14 groups)
409,Women,Gender Equality,0,,,,,,,,,Gender Equality (7703 organizations) (2424 users) (346 resources) (3 jobs) (282 events) (78 groups)
410,Women,Trafficking of Women,0,,,,,,,,,Trafficking of Women (965 organizations) (898 users) (32 resources) (1 jobs) (25 events) (19 groups)
411,Women,Women and the Environment,0,,,,,,,,,Women and the Environment (663 organizations) (1527 users) (457 resources) (2 jobs) (227 events) (60 groups)
412,Women,Women's Civic Participation,0,,,,,,,,,Women's Civic Participation (3523 organizations) (763 users) (114 resources) (2 jobs) (178 events) (46 groups)
413,Women,Women's Economic Development,0,,,,,,,,,Women's Economic Development (5483 organizations) (1230 users) (313 resources) (6 jobs) (211 events) (56 groups)
414,Women,Women's Education,0,,,,,,,,,Women's Education (4890 organizations) (1474 users) (328 resources) (9 jobs) (227 events) (68 groups)
415,Women,Women's Empowerment,0,,,,,,,,,Women's Empowerment (4666 organizations) (2855 users) (522 resources) (5 jobs) (420 events) (119 groups)
416,Women,Women's Health,0,,,,,,,,,Women's Health (3684 organizations) (1658 users) (474 resources) (4 jobs) (237 events) (73 groups)
417,Women,Women's Rights,0,,,,,,,,,Women's Rights (7910 organizations) (1887 users) (397 resources) (3 jobs) (279 events) (64 groups)
418,Women,Women's Safety from Violence,0,,,,,,,,,Women's Safety from Violence (4548 organizations) (1383 users) (301 resources) (3 jobs) (112 events) (43 groups)
419,Women,Women's Vocational Training,0,,,,,,,,,Women's Vocational Training (2397 organizations) (738 users) (31 resources) (3 jobs) (106 events) (28 groups)
421,Work,Employment,0,,,,,,,,,Employment (2861 organizations) (2247 users) (481 resources) (14 jobs) (178 events) (81 groups)
422,Work,Global Labor,0,,,,,,,,,Global Labor (346 organizations) (978 users) (70 resources) (7 jobs) (84 events) (56 groups)
423,Work,Informal Economy,0,,,,,,,,,Informal Economy (145 organizations) (1042 users) (89 resources) (1 jobs) (83 events) (64 groups)
424,Work,Living Wages,0,,,,,,,,,Living Wages (1490 organizations) (1483 users) (120 resources) (8 jobs) (102 events) (58 groups)
425,Work,Vocational Training,0,,,,,,,,,Vocational Training (4067 organizations) (1150 users) (70 resources) (10 jobs) (202 events) (67 groups)
426,Work,Worker Centers,0,,,,,,,,,Worker Centers (107 organizations) (367 users) (34 resources) (7 jobs) (33 events) (30 groups)
427,Work,Worker Health and Safety,0,,,,,,,,,Worker Health and Safety (741 organizations) (769 users) (51 resources) (8 jobs) (52 events) (38 groups)
428,Work,Worker Rights ,0,,,,,,,,,Worker Rights (1379 organizations) (1247 users) (97 resources) (7 jobs) (73 events) (52 groups) 